Epoch,Loss
1,1.152161717414856
2,0.9488636255264282
3,0.8918025493621826
4,0.9388461112976074
5,0.9740195274353027
6,0.9624969959259033
7,0.9258198738098145
8,0.8950870633125305
9,0.8755045533180237
10,0.864484965801239
11,0.8774752616882324
12,0.8852753043174744
13,0.8853617906570435
14,0.8757861256599426
15,0.8632327914237976
16,0.8413357734680176
17,0.8380609154701233
18,0.8389939069747925
19,0.8400011658668518
20,0.8408015966415405
21,0.8384665250778198
22,0.8322993516921997
23,0.8241399526596069
24,0.821528971195221
25,0.8125538229942322
26,0.813774585723877
27,0.811603844165802
28,0.8096479773521423
29,0.811264157295227
30,0.8069481253623962
31,0.7975255846977234
32,0.7959533929824829
33,0.7905003428459167
34,0.7896690368652344
35,0.7847291827201843
36,0.7852585315704346
37,0.7811322808265686
38,0.7798490524291992
39,0.7750322222709656
40,0.773952305316925
41,0.7717602849006653
42,0.7701804637908936
43,0.7672750353813171
44,0.7661768794059753
45,0.7631540894508362
46,0.7621185779571533
47,0.7600346207618713
48,0.7574100494384766
49,0.754210352897644
50,0.7524698972702026
